id,conversation_id,created_at,date,time,timezone,user_id,username,name,place,tweet,language,mentions,urls,photos,replies_count,retweets_count,likes_count,hashtags,cashtags,link,retweet,quote_url,video,thumbnail,near,geo,source,user_rt_id,user_rt,retweet_id,reply_to,retweet_date,translate,trans_src,trans_dest
1364322134412193796,1363975616639418370,2021-02-23 16:11:59 EST,2021-02-23,16:11:59,-0500,107090979,song_title,Flourish gratitude,,"@orncgreenwich Such a sin - so much of what so-called 'Cancel culture' is culling amongst some of the grievances - Is the quality, Admiral Lord Nelson &amp; his column in Trafalgar Square, included are Britain's GREATEST heroes - Narrow-minded not yet fully MATURED are now directing UK's CHRONICLES",en,[],[],[],0,0,0,[],[],https://twitter.com/song_title/status/1364322134412193796,False,,0,,,,,,,,"[{'screen_name': 'orncgreenwich', 'name': 'Old Royal Naval College', 'id': '359916429'}]",,,,
1364322029873344512,1364291894822461442,2021-02-23 16:11:34 EST,2021-02-23,16:11:34,-0500,58221484,hawaiinsunset,Anna Raike,,@SergioMarBel Exhibit A - Republicans and cancel culture.,en,[],[],[],0,0,0,[],[],https://twitter.com/Hawaiinsunset/status/1364322029873344512,False,,0,,,,,,,,"[{'screen_name': 'SergioMarBel', 'name': 'Sergio Mart√≠nez-Beltr√°n', 'id': '410371328'}]",,,,
1364321994137829376,1364247748523008000,2021-02-23 16:11:25 EST,2021-02-23,16:11:25,-0500,18795132,juliendelrio,Julien Del Rio,,"@naholyr @bdunogier Si une demande justifi√©e de retrait d'emoji qui se transforme en thread mensonger sur le devfest et le f√©minisme.  Chercher √† discr√©diter le devfest pour des propos sans lien mais avec lesquels on est pas d'accord, c'est un exemple de cancel culture.",fr,[],[],[],0,0,0,[],[],https://twitter.com/JulienDelRio/status/1364321994137829376,False,,0,,,,,,,,"[{'screen_name': 'naholyr', 'name': 'Nicolas ü§¶ Chambrier', 'id': '35705169'}, {'screen_name': 'bdunogier', 'name': 'BD', 'id': '19900960'}]",,,,
1364321983668879360,1364321983668879360,2021-02-23 16:11:23 EST,2021-02-23,16:11:23,-0500,874647036322250752,searchingdead,Alexandria Bracanovich üåπ,,"If I never hear the term cancel culture again I would be totally ok with that. Yes, I recognize the irony of adding that as a hashtag.  #CancelCulture  https://t.co/RDI4xWpewc",en,[],['https://youtu.be/M53mrTU3z8w'],[],0,0,0,['cancelculture'],[],https://twitter.com/searchingdead/status/1364321983668879360,False,,0,,,,,,,,[],,,,
1364321980707704833,1364321980707704833,2021-02-23 16:11:22 EST,2021-02-23,16:11:22,-0500,2329697455,tabali_tigi,Tabali Tigi,,cancel culture = you can't be fucking xenophobic anymore without the public calling you on it,en,[],[],[],0,0,0,[],[],https://twitter.com/tabali_tigi/status/1364321980707704833,False,,0,,,,,,,,[],,,,
1364321927070851075,1364285667077947396,2021-02-23 16:11:09 EST,2021-02-23,16:11:09,-0500,618449062,reneestlouis,Trillian Astra,,"@PaulBaileyforTN Hey, look, it's that cancel culture y'all are always crying about. And you're the ones pushing it.",en,[],[],[],0,0,0,[],[],https://twitter.com/ReneeStLouis/status/1364321927070851075,False,,0,,,,,,,,"[{'screen_name': 'PaulBaileyforTN', 'name': 'Sen. Paul Bailey', 'id': '1374767702'}]",,,,
1364321909060628481,1364321105348026372,2021-02-23 16:11:05 EST,2021-02-23,16:11:05,-0500,1364308483223539713,pepejustice,Chief Justice Pepe,,lots more where this came from. This is only the beginning. Cancel culture will not ruin the institution that produces so many great leaders.,en,[],[],[],0,0,0,[],[],https://twitter.com/PepeJustice/status/1364321909060628481,False,,0,,,,,,,,[],,,,
1364321898394488834,1364319544714616848,2021-02-23 16:11:03 EST,2021-02-23,16:11:03,-0500,4085523633,mbachustephanie,Nneoma,,@Jollz I can talk about cancel culture üò©,en,[],[],[],0,0,0,[],[],https://twitter.com/Mbachustephanie/status/1364321898394488834,False,,0,,,,,,,,"[{'screen_name': 'Jollz', 'name': 'Jola', 'id': '135283066'}]",,,,
1364321853674844164,1364321853674844164,2021-02-23 16:10:52 EST,2021-02-23,16:10:52,-0500,2329697455,tabali_tigi,Tabali Tigi,,"cancel culture doesn't fucking exist...it's some shit people use as a shield to protect racist, xenophobic, homophobic, transphobic, islamophobic, anti-semitic, anti-indigenous, anti-asian, anti-anything that is not white patriarchy from public criticism or accountability...",en,[],[],[],0,0,0,[],[],https://twitter.com/tabali_tigi/status/1364321853674844164,False,,0,,,,,,,,[],,,,
1364321836813737989,1364318351581999104,2021-02-23 16:10:48 EST,2021-02-23,16:10:48,-0500,375062937,kingofchaosnyc,‚ÄúThe King of Chaos‚Äù Logan Black,,@AvistaVarlowe I say this all the time. The world owes her an apology. She was an ACTUAL victim of ‚Äúcancel culture‚Äù,en,[],[],[],0,0,0,[],[],https://twitter.com/KingOfChaosNYC/status/1364321836813737989,False,,0,,,,,,,,"[{'screen_name': 'AvistaVarlowe', 'name': 'BAELian Varlowe', 'id': '971914687288872960'}]",,,,
1364321824671227906,1364273698648190979,2021-02-23 16:10:45 EST,2021-02-23,16:10:45,-0500,1359794413644439553,jimtk1975,Jono,,@Timcast Cancel culture will cancel anyone or anything that gets in the way of their ultimate goal which is the cancellation of western civilisation itself. The logic of repressive tolerance only victims (minority groups) can be weaponized to achieve that.  I AM @ginacarano (IAMSPARTACUS),en,"[{'screen_name': 'ginacarano', 'name': 'gina carano üïØ', 'id': '46671731'}]",[],[],0,0,0,[],[],https://twitter.com/jimtk1975/status/1364321824671227906,False,,0,,,,,,,,"[{'screen_name': 'Timcast', 'name': 'Tim Pool', 'id': '27000730'}]",,,,
1364321711475326983,1364294661423190021,2021-02-23 16:10:18 EST,2021-02-23,16:10:18,-0500,1337591258852831235,femboy_drip,drip moment üè≥Ô∏è‚Äçüåà,,"@DanteRavioli same, I absolutely HATE cancel culture because of how toxic it is, but this is the person that deserves everything that comes to him",en,[],[],[],0,0,0,[],[],https://twitter.com/femboy_drip/status/1364321711475326983,False,,0,,,,,,,,"[{'screen_name': 'DanteRavioli', 'name': 'Dante Ravioli', 'id': '1113533305939484674'}]",,,,
1364321615564079104,1364307867185131525,2021-02-23 16:09:55 EST,2021-02-23,16:09:55,-0500,862512319565144064,doglog_,DogLog,,"@manfred_420 @KFCBarstool The lecturing here is insane. The amount of control, and authoritarian hive mindedness here on Twitter is unlike any social phenomena that‚Äôs ever occurred. Cancel culture, wokeness, SJW, BLM, whatever else I‚Äôm missing. It‚Äôs an unconscious recreation of 1984 to perfection.",en,[],[],[],0,0,0,[],[],https://twitter.com/DogLog_/status/1364321615564079104,False,,0,,,,,,,,"[{'screen_name': 'manfred_420', 'name': 'Manfredo', 'id': '1361534228882726914'}, {'screen_name': 'KFCBarstool', 'name': 'KFC', 'id': '119758732'}]",,,,
1364321599701270532,1364291894822461442,2021-02-23 16:09:51 EST,2021-02-23,16:09:51,-0500,57116701,radicalreporter,üá∫üá∏Radical Reporterüá∫üá∏,,@SergioMarBel @stphnfwlr Shouldn‚Äôt you say it‚Äôs #CancelCulture news?,en,[],[],[],0,0,0,['cancelculture'],[],https://twitter.com/radicalreporter/status/1364321599701270532,False,,0,,,,,,,,"[{'screen_name': 'SergioMarBel', 'name': 'Sergio Mart√≠nez-Beltr√°n', 'id': '410371328'}, {'screen_name': 'stphnfwlr', 'name': 'stephen fowler', 'id': '438843965'}]",,,,
1364321593082716166,1354593926267727874,2021-02-23 16:09:50 EST,2021-02-23,16:09:50,-0500,1224624517760405504,james07370640,Bond747747,,@FoxNews @NancyRo20526355 Cancel culture is bs to me. I have live 6 decades and history was white washed thru my early education years . This is a bs that right came up with in my opinion. Prove me wrong ?,en,[],[],[],0,0,0,[],[],https://twitter.com/james07370640/status/1364321593082716166,False,,0,,,,,,,,"[{'screen_name': 'FoxNews', 'name': 'Fox News', 'id': '1367531'}, {'screen_name': 'NancyRo20526355', 'name': 'Nancy Robert', 'id': '1354593712542724097'}]",,,,
1364321585235173379,1364321585235173379,2021-02-23 16:09:48 EST,2021-02-23,16:09:48,-0500,1052544300532342784,maggieethornton,Margaret Thornton,,Cancel culture actually is out of control.,en,[],[],[],0,1,4,[],[],https://twitter.com/MaggieEThornton/status/1364321585235173379,False,https://twitter.com/SergioMarBel/status/1364291894822461442,0,,,,,,,,[],,,,
1364321575865118720,1364314618114490368,2021-02-23 16:09:46 EST,2021-02-23,16:09:46,-0500,960646526748983296,ward3toronto,KeepThemHonest,,@PeterWader @candies2639 Sounds like cancel culture to me.,en,[],[],[],1,0,1,[],[],https://twitter.com/Ward3Toronto/status/1364321575865118720,False,,0,,,,,,,,"[{'screen_name': 'PeterWader', 'name': 'Peter Wader', 'id': '1716992293'}, {'screen_name': 'candies2639', 'name': 'candacemariecooper', 'id': '799718923541291008'}]",,,,
1364321516880465921,1363247236562509825,2021-02-23 16:09:32 EST,2021-02-23,16:09:32,-0500,1091481934662795265,dudes107,dudes107(Back),,"@sandthebeach @Rael_ForkE @feel_the_Musica -cancel culture as being Sexist, or Racist, or anything else(A friend of mine sent me a Suicide note for the same paranoias. She‚Äôs alive and well, so I‚Äôm keeping her anonymous for her own safety). What started with getting Bullied over Pearlina, culminated in paranoia that the-",en,[],[],[],1,0,0,[],[],https://twitter.com/dudes107/status/1364321516880465921,False,,0,,,,,,,,"[{'screen_name': 'sandthebeach', 'name': 'sand', 'id': '1364303403812282368'}, {'screen_name': 'Rael_ForkE', 'name': 'Rael ForkE', 'id': '767492453444177920'}, {'screen_name': 'feel_the_Musica', 'name': 'SPLATOON THR33!!!!!!', 'id': '1015250253212200960'}]",,,,
1364321471888302084,1364247748523008000,2021-02-23 16:09:21 EST,2021-02-23,16:09:21,-0500,35705169,naholyr,Nicolas ü§¶ Chambrier,,"@JulienDelRio @bdunogier La cancel culture? Mais √ßa va pas bien quand-m√™me, y a genre pas un d√©but de rapport ü§î",fr,[],[],[],1,0,0,[],[],https://twitter.com/naholyr/status/1364321471888302084,False,,0,,,,,,,,"[{'screen_name': 'JulienDelRio', 'name': 'Julien Del Rio', 'id': '18795132'}, {'screen_name': 'bdunogier', 'name': 'BD', 'id': '19900960'}]",,,,
1364321426455605256,1364317074621874179,2021-02-23 16:09:10 EST,2021-02-23,16:09:10,-0500,221322255,thew3rewolf,proletariat w3rewolf,,@maxharris9 He had also been dead for decades my guy. Lol this all started because your trying to label my fucking meme twitter account as nazi adjacent you weird fuck. Sorry you got so offended by a fucking big brain meme.  Cancel culture reeeeeeee,en,[],[],[],0,0,0,[],[],https://twitter.com/TheW3REWOLF/status/1364321426455605256,False,,0,,,,,,,,"[{'screen_name': 'maxharris9', 'name': 'Max Harris', 'id': '463435416'}]",,,,
1364321396168527884,1364321396168527884,2021-02-23 16:09:03 EST,2021-02-23,16:09:03,-0500,1338598854053269507,tht1bitch1,Kitty Croft,,So let me get this straight... this generation and its ‚Äúcancel culture‚Äù wants to ‚Äúcancel Eminem‚Äù for his lyrics about setting the house on fire in ‚Äúlove the way you lie‚Äù? üòÇ If you think Eminem should be canceled for that lyric ALONE- then... please SIT THE FUCK DOWN!!,en,[],[],[],1,0,0,[],[],https://twitter.com/tht1bitch1/status/1364321396168527884,False,,0,,,,,,,,[],,,,
1364321388258017284,1364042675159236608,2021-02-23 16:09:01 EST,2021-02-23,16:09:01,-0500,1103832402,annemarieh57,AnneMarie Heffernan,,@Goss30Goss @JoeManchinWV Lets do some cancel culture on this guy....he's a republican nothing more nothing less,en,[],[],[],0,0,0,[],[],https://twitter.com/annemarieh57/status/1364321388258017284,False,,0,,,,,,,,"[{'screen_name': 'Goss30Goss', 'name': 'Andrew Goss üëäUSAFüëä', 'id': '2869858477'}, {'screen_name': 'JoeManchinWV', 'name': 'Joe Manchin', 'id': '113355380'}]",,,,
1364321309144928256,1364321309144928256,2021-02-23 16:08:42 EST,2021-02-23,16:08:42,-0500,1299089280422170624,pimpy15941740,Pimpy,,Biden's energy partners are.. um bad for Americans - the stupidity of cancel culture   https://t.co/RW4aWSK647,en,[],['https://www.youtube.com/watch?v=Y-q5VMAOVtY&feature=youtu.be&ab_channel=TheHiddenThingsinFrontofYourEyes'],[],0,0,1,[],[],https://twitter.com/Pimpy15941740/status/1364321309144928256,False,,0,,,,,,,,[],,,,
1364321267973775365,1364321267973775365,2021-02-23 16:08:32 EST,2021-02-23,16:08:32,-0500,1346606456846606337,seb0001073709,seb2000,,"MrBeast or at least whoever manages his channel took down videos with Miniladd (a pedophile) for a while, but now their back up after Miniladd posted a video addressing what he did where he didn't even apologize. #MrBeast  #CancelCulture #Cancel",en,[],[],[],1,0,0,"['mrbeast', 'cancelculture', 'cancel']",[],https://twitter.com/seb0001073709/status/1364321267973775365,False,,0,,,,,,,,[],,,,
1364321228073410563,1364321228073410563,2021-02-23 16:08:23 EST,2021-02-23,16:08:23,-0500,946828078105456645,s_robi21,angryman05,,Fuck cancel cultureüòé,en,[],[],[],0,0,0,[],[],https://twitter.com/s_robi21/status/1364321228073410563,False,,0,,,,,,,,[],,,,
1364321121781362688,1364253636994473990,2021-02-23 16:07:57 EST,2021-02-23,16:07:57,-0500,2329697455,tabali_tigi,Tabali Tigi,,"@Kylestevie1 ""cancel culture"" doesn't fucking exist...it's some shit people are trying to use as a shield for hateful behavior...",en,[],[],[],0,0,0,[],[],https://twitter.com/tabali_tigi/status/1364321121781362688,False,,0,,,,,,,,"[{'screen_name': 'Kylestevie1', 'name': 'Kyle Stevie', 'id': '716354456389042177'}]",,,,
1364321107747213313,1364321107747213313,2021-02-23 16:07:54 EST,2021-02-23,16:07:54,-0500,1325970993387540480,theft_world,Grand Theft World,,Loomer: Is the Next Step For Cancel Culture To Drive Certain People From All Society? - Ben Swann  https://t.co/wAsiR4ccjz,en,[],['https://grandtheftworld.com/2021/02/23/loomer-is-the-next-step-for-cancel-culture-to-drive-certain-people-from-all-society-2/'],[],0,0,0,[],[],https://twitter.com/theft_world/status/1364321107747213313,False,,0,,,,,,,,[],,,,
1364321101921288194,1364265491074719744,2021-02-23 16:07:53 EST,2021-02-23,16:07:53,-0500,1354507928095617029,melvilleupdate,Has Melville Tweeted About Trophy Hunting Today?,,"@queenofswords6 @JamesMelville @berniespofforth @ClareEuro @stpiranscross @Francis_Hoar It is, and always has been, about social media engagement, even it does mean faux outrage. Melville has repeatedly complained about ‚Äòcancel culture‚Äô and how Felton wanted people to block him, and now he‚Äôs threatening legal action because...you shared a public document???",en,[],[],[],0,0,1,[],[],https://twitter.com/MelvilleUpdate/status/1364321101921288194,False,,0,,,,,,,,"[{'screen_name': 'queenofswords6', 'name': 'Dr Georgina Porter', 'id': '3392859784'}, {'screen_name': 'JamesMelville', 'name': 'James Melville', 'id': '20675681'}, {'screen_name': 'berniespofforth', 'name': ""Bernie's Tweets"", 'id': '755135678422327296'}, {'screen_name': 'ClareEuro', 'name': 'Clare Robinson', 'id': '1139449145691951105'}, {'screen_name': 'stpiranscross', 'name': 'St Pirans Cross', 'id': '801110101'}, {'screen_name': 'Francis_Hoar', 'name': 'Francis Hoar', 'id': '142640919'}]",,,,
1364321047873548292,1364321047873548292,2021-02-23 16:07:40 EST,2021-02-23,16:07:40,-0500,93964759,toulastake,Toula Drimonis,,"‚ÄúThe most visible outrage and exasperation always comes from the ones with the power and the platforms to keep railing against cancel culture, week after week, while never, ever being cancelled.‚Äù  https://t.co/1a2KqxmwIK @CultMTL #Quebec #CancelCulture #censorship #FreeSpeech",en,"[{'screen_name': 'cultmtl', 'name': 'cult mtl', 'id': '632687052'}]",['https://cultmtl.com/2021/02/some-white-quebec-media-personalities-love-playing-the-victim-dany-turcotte-wokes/'],[],0,0,3,"['quebec', 'cancelculture', 'censorship', 'freespeech']",[],https://twitter.com/ToulasTake/status/1364321047873548292,False,,0,,,,,,,,[],,,,
1364321044593524739,1364310508971692032,2021-02-23 16:07:39 EST,2021-02-23,16:07:39,-0500,716517700,cingo_84,Waya_11,,@iamSivN Cancel culture makes things soooo HARD üôÜüèæ‚Äç‚ôÇÔ∏èü§¶üèæ‚Äç‚ôÇÔ∏è,en,[],[],[],1,0,0,[],[],https://twitter.com/cingo_84/status/1364321044593524739,False,,0,,,,,,,,"[{'screen_name': 'iamSivN', 'name': 'Siv Ngesi', 'id': '311002833'}]",,,,
1364320885964963841,1364304847579742211,2021-02-23 16:07:01 EST,2021-02-23,16:07:01,-0500,629944866,jarvi32,JJ,,@BradWollack Your career can't withstand the cancel culture folks,en,[],[],[],0,0,0,[],[],https://twitter.com/jarvi32/status/1364320885964963841,False,,0,,,,,,,,"[{'screen_name': 'BradWollack', 'name': 'Brad Wollack', 'id': '23626355'}]",,,,
1364320843808014341,1364320843808014341,2021-02-23 16:06:51 EST,2021-02-23,16:06:51,-0500,1359794413644439553,jimtk1975,Jono,,I have copied and pasted one of my tweets for I believe it to be a valid point of view on todays cancel culture. I pasted it on twitter accounts I follow  respect. #IAMGINICARCANO #IStandWithGinaCarano  #THERebellionHASBEGUN,en,[],[],[],0,1,1,"['iamginicarcano', 'istandwithginacarano', 'therebellionhasbegun']",[],https://twitter.com/jimtk1975/status/1364320843808014341,False,,0,,,,,,,,[],,,,
1364320841752846340,1364133419756654592,2021-02-23 16:06:51 EST,2021-02-23,16:06:51,-0500,1174695073310814208,micropizzakill1,Micropizzakillen üëåüèª,,"@playoff_c @EsemicolonR @MerkDEnglish I think a big reason I despise cancel culture is because they try to circumvent a fundamental principle of liberal democracy, namely the open marketplace of ideas. Instead they win with bullying.",en,[],[],[],1,0,0,[],[],https://twitter.com/Micropizzakill1/status/1364320841752846340,False,,0,,,,,,,,"[{'screen_name': 'playoff_c', 'name': 'cump dump', 'id': '1222964328'}, {'screen_name': 'EsemicolonR', 'name': 'E;R', 'id': '772966352114094081'}, {'screen_name': 'MerkDEnglish', 'name': ""Spooktober (isn't over) After Dark üéÉ"", 'id': '522721921'}]",,,,
1364320805597896708,1364291894822461442,2021-02-23 16:06:42 EST,2021-02-23,16:06:42,-0500,418995000,dickius,Werewolf Bar Kochba,,@SergioMarBel Cancel culture out of control,en,[],[],[],0,0,0,[],[],https://twitter.com/dickius/status/1364320805597896708,False,,0,,,,,,,,"[{'screen_name': 'SergioMarBel', 'name': 'Sergio Mart√≠nez-Beltr√°n', 'id': '410371328'}]",,,,
1364320689357004800,1364320689357004800,2021-02-23 16:06:14 EST,2021-02-23,16:06:14,-0500,57304101,c_hendrick,Carl Hendrick,,It's interesting how those that rail against the radical left and cancel culture often seem to adopt the very position they oppose. Is this not cancel culture in action?,en,[],[],[],0,1,9,[],[],https://twitter.com/C_Hendrick/status/1364320689357004800,False,https://twitter.com/calvinrobinson/status/1363831796899721223,0,,,,,,,,[],,,,
1364320680133730306,1364207540091969540,2021-02-23 16:06:12 EST,2021-02-23,16:06:12,-0500,1347947992628817924,harry_padre,Harry Padre,,"@LisaMarieBoothe Thank you for proving that Republicans only whine about 'cancel-culture' when it serves their agenda. Republicans are proven HYPOCRITES day in, and day out.",en,[],[],[],0,0,0,[],[],https://twitter.com/Harry_Padre/status/1364320680133730306,False,,0,,,,,,,,"[{'screen_name': 'LisaMarieBoothe', 'name': 'Lisa Boothe', 'id': '121574367'}]",,,,
1364320632737984512,1363961280818774029,2021-02-23 16:06:01 EST,2021-02-23,16:06:01,-0500,357436825,rafdiddy,RDƒ´dd√Ø,,@CPAC #CancelCulture,und,[],[],[],0,0,0,['cancelculture'],[],https://twitter.com/RafDiddy/status/1364320632737984512,False,,0,,,,,,,,"[{'screen_name': 'CPAC', 'name': 'CPAC 2021', 'id': '120295432'}]",,,,
1364320630447955968,1364320630447955968,2021-02-23 16:06:00 EST,2021-02-23,16:06:00,-0500,765129843176513536,katvat77,Kathryn roseüá∫üá∏ Parler @katvat77,,Josh Hawley will survive #CancelCulture. Kurt will not .,en,[],[],[],0,0,0,['cancelculture'],[],https://twitter.com/Katvat77/status/1364320630447955968,False,https://twitter.com/jackposobiec/status/1364304134632058882,0,,,,,,,,[],,,,
1364320627885277186,1364320627885277186,2021-02-23 16:06:00 EST,2021-02-23,16:06:00,-0500,108974608,leadscouncil,LeadsCouncil,,"Have you watched our podcast with Sean-Reed McGee of @BackToLearn? Sean-Reed and Rob Seaver from @LeadsCouncil have a candid conversation around #diversity within the industry, struggles in a ""#cancelculture"" world, and how to approach the world of #DE&amp;I.  https://t.co/22oykU3jb1  https://t.co/Skd6APewdW",en,"[{'screen_name': 'backtolearn', 'name': 'back to learn', 'id': '637319832'}, {'screen_name': 'leadscouncil', 'name': 'leadscouncil', 'id': '108974608'}]",['https://hubs.ly/H0GJrsc0'],['https://pbs.twimg.com/media/Eu8KYZvXYAIFZJS.jpg'],0,0,0,"['diversity', 'cancelculture', 'de']",[],https://twitter.com/LeadsCouncil/status/1364320627885277186,False,,1,https://pbs.twimg.com/media/Eu8KYZvXYAIFZJS.jpg,,,,,,,[],,,,
1364320573673857026,1364320573673857026,2021-02-23 16:05:47 EST,2021-02-23,16:05:47,-0500,1435475036,neilvanderlind1,Neil van der Linden,,"Rightwing conference cancels speaker after announcing theme is defeating cancel culture. Donald Trump will speak at the conference. Mike Pence refused to attend. The anti-Semite was thrilled to be invited, but now says, ""I feel like I'm being silenced.""  https://t.co/I3assnBSe6",en,[],['https://www.lgbtqnation.com/2021/02/conservative-conference-cancels-speaker-announcing-theme-defeating-cancel-culture/#.YDVt67K1ujs.twitter'],[],0,0,0,[],[],https://twitter.com/NeilvanderLind1/status/1364320573673857026,False,,0,,,,,,,,[],,,,
1364320537699352576,1364289872689729537,2021-02-23 16:05:38 EST,2021-02-23,16:05:38,-0500,1242570896,mark3ds,Mark Collins,,"@vshih2 @LorenzLuthi By today's standards #GeorgeKennan is a reactionary dead white male who should be subjected to #cancelculture (if any #SJW-s know anything about him)--autres temps, autres m≈ìurs--a post:  https://t.co/194z4Y9BtP #AmericanHistory",en,[],['https://mark3ds.wordpress.com/2014/02/26/mark-collins-the-us-and-the-world-almost-all-kennan-all-the-time-or-one-wonders-if-michael-ignatieff/'],[],0,0,0,"['georgekennan', 'cancelculture', 'sjw', 'americanhistory']",[],https://twitter.com/Mark3Ds/status/1364320537699352576,False,,0,,,,,,,,"[{'screen_name': 'vshih2', 'name': 'Victor Shih', 'id': '65221182'}, {'screen_name': 'LorenzLuthi', 'name': 'LorenzLuthi', 'id': '1264316159131779072'}]",,,,
1364320534083891201,1364310835275984898,2021-02-23 16:05:37 EST,2021-02-23,16:05:37,-0500,828039067296096256,paulfuji4,Paul Fuji,,"@KETV If we keep up with this cancel culture, before you know it Christians won‚Äôt be allowed to hate anymore.",en,[],[],[],0,1,0,[],[],https://twitter.com/PaulFuji4/status/1364320534083891201,False,,0,,,,,,,,"[{'screen_name': 'KETV', 'name': 'KETV NewsWatch 7', 'id': '19098792'}]",,,,
1364320507017846787,1364320507017846787,2021-02-23 16:05:31 EST,2021-02-23,16:05:31,-0500,787412827594043392,rockymtncivil,RMCivilizedDawn,,"#gop always bleating about #cancelculture, and then being stone #hypocrites for people like #NeeraTanden. They HATE women, and particularly women of color.",en,[],[],[],0,0,0,"['gop', 'cancelculture', 'hypocrites', 'neeratanden']",[],https://twitter.com/RockyMtnCivil/status/1364320507017846787,False,,0,,,,,,,,[],,,,
1364320454916333568,1364306562995679238,2021-02-23 16:05:18 EST,2021-02-23,16:05:18,-0500,1441544390,incrosscreek,maggie,,"@CNN Not cancel culture, is it? Please do not broadcast a second of #FormerGuy's remarks.",en,[],[],[],0,0,0,['formerguy'],[],https://twitter.com/inCrossCreek/status/1364320454916333568,False,,0,,,,,,,,"[{'screen_name': 'CNN', 'name': 'CNN', 'id': '759251'}]",,,,
1364320425849851905,1363989885955186689,2021-02-23 16:05:12 EST,2021-02-23,16:05:12,-0500,1220035928858734593,russbrewer4,Russ Brewer,,@bloodoftheland LOL this hardly means anything. I think Allen v Farrow is terrible but your documentary is the opposite side of the same biased coin. You devote a lot of time expressing your disdain with cancel culture and Twitter users...but what does that have to do with Woody?,en,[],[],[],1,0,0,[],[],https://twitter.com/RussBrewer4/status/1364320425849851905,False,,0,,,,,,,,"[{'screen_name': 'bloodoftheland', 'name': 'Rick Worley', 'id': '46349929'}]",,,,
1364320386024833024,1364320386024833024,2021-02-23 16:05:02 EST,2021-02-23,16:05:02,-0500,94007017,_gratefulliving,üí£üê∫ c‚íΩùï†ùìà—î≈á ‚ôù üëäüèæ,,"No üß¢ cancel culture, full of miserable mfs who are too self righteous to notice they own bullshit.",en,[],[],[],0,0,0,[],[],https://twitter.com/_GratefulLiving/status/1364320386024833024,False,https://twitter.com/karlousm/status/1364241963730501632,0,,,,,,,,[],,,,
1364320379657805826,1364320379657805826,2021-02-23 16:05:01 EST,2021-02-23,16:05:01,-0500,2305466190,startreklvr,Star Trek dog & cat loverüíô‚ù§üêï‚ù§üêï‚ù§üññ,,#CancelCulture  https://t.co/2KavNAQmtC,und,[],[],['https://pbs.twimg.com/media/Eu8KJuuU4AA9DBh.jpg'],0,0,0,['cancelculture'],[],https://twitter.com/startreklvr/status/1364320379657805826,False,,1,https://pbs.twimg.com/media/Eu8KJuuU4AA9DBh.jpg,,,,,,,[],,,,
1364320329938575360,1364001882511970309,2021-02-23 16:04:49 EST,2021-02-23,16:04:49,-0500,815715120,marlatauscher,Marla Tauscher,,"@Jim_Jordan @daffodil139 Get over all this ""cancel culture"" whining.",en,[],[],[],0,0,0,[],[],https://twitter.com/MarlaTauscher/status/1364320329938575360,False,,0,,,,,,,,"[{'screen_name': 'Jim_Jordan', 'name': 'Rep. Jim Jordan', 'id': '18166778'}, {'screen_name': 'daffodil139', 'name': 'üò∑ Life-a long and winding roadüò∑', 'id': '67159687'}]",,,,
1364320319402557441,1364320319402557441,2021-02-23 16:04:46 EST,2021-02-23,16:04:46,-0500,125928028,gurdur,Tim Skellett,,"Tell that to August Ames (a.k.a. Mercedes Grabowski), @davekarpf. Exactly how many deaths do you want to see before you finally admit that cancel-culture might actually have very real, bad consequences?",en,"[{'screen_name': 'davekarpf', 'name': 'dave karpf', 'id': '18165124'}]",[],[],0,0,2,[],[],https://twitter.com/Gurdur/status/1364320319402557441,False,https://twitter.com/davekarpf/status/1364278166982971395,0,,,,,,,,[],,,,
1364320318538412035,1364320318538412035,2021-02-23 16:04:46 EST,2021-02-23,16:04:46,-0500,3221867083,charlesrat74,"Charles ""Chaplain"" Ratcliff",,@ksorbs For those who believe that there is no cancel culture  https://t.co/p4PQORLYU0,en,[],['https://www.youtube.com/watch?v=gzUnMtGdrV4'],[],0,0,0,[],[],https://twitter.com/Charlesrat74/status/1364320318538412035,False,,0,,,,,,,,[],,,,
1364320312926621704,1364320312926621704,2021-02-23 16:04:45 EST,2021-02-23,16:04:45,-0500,500593838,johnzavinski,John Zavinski,,"There's Cancel Culture, and then there's simply ""won't you just STFU?""",en,[],[],[],0,0,0,[],[],https://twitter.com/JohnZavinski/status/1364320312926621704,False,https://twitter.com/latimes/status/1364233759650844684,0,,,,,,,,[],,,,
1364320279816790016,1364001882511970309,2021-02-23 16:04:37 EST,2021-02-23,16:04:37,-0500,1198008497516007424,suzhk,SuzK MBA,,@Jim_Jordan Don‚Äôt you have anything else to talk about besides cancel culture? Here‚Äôs an idea: find out what‚Äôs important to your constituents and work on legislation? Or were you just elected to be a troll?,en,[],[],[],0,0,0,[],[],https://twitter.com/SuzHK/status/1364320279816790016,False,,0,,,,,,,,"[{'screen_name': 'Jim_Jordan', 'name': 'Rep. Jim Jordan', 'id': '18166778'}]",,,,
1364320195981025280,1363964531819569160,2021-02-23 16:04:17 EST,2021-02-23,16:04:17,-0500,1237510651,gemini6249merna,Merna Spitzer,,@thehill @SenTedCruz How dare u talk about the Obama Biden administration politicizing the Justice Department. Resign u pathetic insurrection. Carrying the water for a white Supremacist President. For inciting an insurrection. U should be thrown out of Congress. don‚Äôt u dare talk about cancel culture,en,[],[],[],0,0,0,[],[],https://twitter.com/Gemini6249Merna/status/1364320195981025280,False,,0,,,,,,,,"[{'screen_name': 'thehill', 'name': 'The Hill', 'id': '1917731'}, {'screen_name': 'SenTedCruz', 'name': 'Senator Ted Cruz', 'id': '1074480192'}]",,,,
1364320128263884802,1364319901356158977,2021-02-23 16:04:01 EST,2021-02-23,16:04:01,-0500,1290837573913509888,wayfairchild24,Walt Jizney,,Even the term cancel culture has become so absurdly faggy to say. Stop being faggots and retards.,en,[],[],[],0,0,0,[],[],https://twitter.com/Wayfairchild24/status/1364320128263884802,False,,0,,,,,,,,[],,,,
1364320098207621121,1364311747717263364,2021-02-23 16:03:53 EST,2021-02-23,16:03:53,-0500,1359794413644439553,jimtk1975,Jono,,@KinelRyan Cancel culture will cancel anyone or anything that gets in the way of their ultimate goal which is the cancellation of western civilisation itself. The logic of repressive tolerance only victims (minority groups) can be weaponized to achieve that.  I AM @ginacarano (IAMSPARTACUS),en,"[{'screen_name': 'ginacarano', 'name': 'gina carano üïØ', 'id': '46671731'}]",[],[],0,0,0,[],[],https://twitter.com/jimtk1975/status/1364320098207621121,False,,0,,,,,,,,"[{'screen_name': 'KinelRyan', 'name': 'Ryan Kinel - RK Outpost', 'id': '1003873168438657024'}]",,,,
1364320092088074251,1364320092088074251,2021-02-23 16:03:52 EST,2021-02-23,16:03:52,-0500,1221132471485501441,triptend0,Trip,,Maybe I do support cancel culture..,en,[],[],[],0,0,1,[],[],https://twitter.com/Triptend0/status/1364320092088074251,False,https://twitter.com/paichamon/status/1363961108663578624,0,,,,,,,,[],,,,
1364320077600948228,1364320077600948228,2021-02-23 16:03:48 EST,2021-02-23,16:03:48,-0500,1362102281009823744,pyry_i,Classically Pyry‚ùÑÔ∏èüá´üáÆ,,Nobody gives a fuck about the economy as long as it somewhat works.   Cancel culture is about social issues and culture wars,en,[],[],[],0,0,1,[],[],https://twitter.com/Pyry_I/status/1364320077600948228,False,https://twitter.com/SeanMcCarthyCom/status/1364318082999738371,0,,,,,,,,[],,,,
1364320060714713088,1364272701863579651,2021-02-23 16:03:44 EST,2021-02-23,16:03:44,-0500,1359794413644439553,jimtk1975,Jono,,@LadyTano501st @ReySkywalker189 Cancel culture will cancel anyone or anything that gets in the way of their ultimate goal which is the cancellation of western civilisation itself. The logic of repressive tolerance only victims (minority groups) can be weaponized to achieve that.  I AM @ginacarano (IAMSPARTACUS),en,"[{'screen_name': 'ginacarano', 'name': 'gina carano üïØ', 'id': '46671731'}]",[],[],0,0,0,[],[],https://twitter.com/jimtk1975/status/1364320060714713088,False,,0,,,,,,,,"[{'screen_name': 'LadyTano501st', 'name': 'Commander Tano', 'id': '1344755759532437511'}, {'screen_name': 'ReySkywalker189', 'name': 'Rey Skywalker', 'id': '1359955583445647363'}]",,,,
1364320059741638659,1364320059741638659,2021-02-23 16:03:44 EST,2021-02-23,16:03:44,-0500,2440618072,nihilisticrisis,Fatty Wapü¶ã,,"Boomers sit on this app every day to tell  Gen Y‚Äôs we‚Äôre too sensitive, that we ruin people‚Äôs lives with cancel culture and it‚Äôs like no, we‚Äôre not too sensitive y‚Äôall are just pieces of shit that lack the ability to be accountable for the way you treat people and act ü§∑üèΩ‚Äç‚ôÄÔ∏è",en,[],[],[],1,0,0,[],[],https://twitter.com/nihilisticrisis/status/1364320059741638659,False,,0,,,,,,,,[],,,,
1364320036203200514,1364263774216216578,2021-02-23 16:03:39 EST,2021-02-23,16:03:39,-0500,1312855668618072064,happystats20,The Objective Reasonable Man,,"@BriMcS @MarieCHerlihy @davidmcw The reason above:cancel culture. I have a career to protect and because of its nature, my SM has to be impartial. No I am not far right. I am not a covid denier nor an anti vaxer. I do however realize that ireland has the strictest LD in Europe with no debate on the consequences.",en,[],[],[],0,0,0,[],[],https://twitter.com/Happystats20/status/1364320036203200514,False,,0,,,,,,,,"[{'screen_name': 'BriMcS', 'name': 'Bri', 'id': '143046093'}, {'screen_name': 'MarieCHerlihy', 'name': 'Marie Herlihy (she/her)', 'id': '2213769713'}, {'screen_name': 'davidmcw', 'name': 'David McWilliams', 'id': '17820947'}]",,,,
1364320025969111042,1364320025969111042,2021-02-23 16:03:36 EST,2021-02-23,16:03:36,-0500,3148710248,budz442bud,BUDDY üò∑,,It‚Äôs the ‚ÄúDeplorable‚Äù defense they used against @HillaryClinton   It‚Äôs as tired as ‚Äúcancel culture‚Äù ü§¨,en,"[{'screen_name': 'hillaryclinton', 'name': 'hillary clinton', 'id': '1339835893'}]",[],[],0,0,0,[],[],https://twitter.com/Budz442Bud/status/1364320025969111042,False,https://twitter.com/katherineoma/status/1364257566742568963,0,,,,,,,,[],,,,
1364319953688555521,1364272485336760322,2021-02-23 16:03:19 EST,2021-02-23,16:03:19,-0500,368695541,crazycatman_206,W A,,@davekarpf He and the rest of the ‚Äúcancel culture‚Äù alarmists simply want a return to the time when only their cohort got to do the canceling.,en,[],[],[],0,0,0,[],[],https://twitter.com/crazycatman_206/status/1364319953688555521,False,,0,,,,,,,,"[{'screen_name': 'davekarpf', 'name': 'dave karpf', 'id': '18165124'}]",,,,
1364319901356158977,1364319901356158977,2021-02-23 16:03:06 EST,2021-02-23,16:03:06,-0500,1290837573913509888,wayfairchild24,Walt Jizney,,Say what you want about ‚Äúcancel culture‚Äù but have they ever gone after some sweet innocent man. I‚Äôm on board if you can keep getting rid of the biggest fags like Chris Delia,en,[],[],[],1,0,0,[],[],https://twitter.com/Wayfairchild24/status/1364319901356158977,False,https://twitter.com/harrycampb3ll/status/1363328000436154368,0,,,,,,,,[],,,,
1364319900999815175,1364314464221351938,2021-02-23 16:03:06 EST,2021-02-23,16:03:06,-0500,1293230422072205316,ronniemotes8,Rhonda Harbison,,"@HenryJGomez @SenRickScott @SenRickScott the king of cancel culture is Trump/Republicans. I'd say canceling millions of votes is the epitome of ""cancel culture""  https://t.co/LMMt4X96pd",en,[],[],"['https://pbs.twimg.com/media/Eu8JRjJWQAASRJN.png', 'https://pbs.twimg.com/media/Eu8Ji4cXUAI10yB.jpg']",0,0,0,[],[],https://twitter.com/RonnieMotes8/status/1364319900999815175,False,,1,https://pbs.twimg.com/media/Eu8JRjJWQAASRJN.png,,,,,,,"[{'screen_name': 'HenryJGomez', 'name': 'Henry J. Gomez', 'id': '14340977'}, {'screen_name': 'SenRickScott', 'name': 'Rick Scott', 'id': '131546062'}]",,,,
1364319899422662659,1364319899422662659,2021-02-23 16:03:06 EST,2021-02-23,16:03:06,-0500,1333873396816482310,lindyannhopley,Lindy-Ann Hopley,,üö® CANCEL CULTURE CANCEL SATANISM IN SCHOOLS üè´ ||  https://t.co/nrEwQqkwcw,en,[],['https://www.pscp.tv/w/cwQTijFQWEVkbEFQZ2FaRWV8MWdxeHZvcW9aRE9LQmZr5hR7fy8_5VTEMqecZwfn-itZSq16Dsq5V0FQiS0Y'],[],0,2,6,[],[],https://twitter.com/LindyAnnHopley/status/1364319899422662659,False,,0,,,,,,,,[],,,,
1364319872256270340,1364303997075652617,2021-02-23 16:03:00 EST,2021-02-23,16:03:00,-0500,1359794413644439553,jimtk1975,Jono,,@GeeksGamersCom Cancel culture will cancel anyone or anything that gets in the way of their ultimate goal which is the cancellation of western civilisation itself. The logic of repressive tolerance only victims (minority groups) can be weaponized to achieve that.  I AM @ginacarano (IAMSPARTACUS),en,"[{'screen_name': 'ginacarano', 'name': 'gina carano üïØ', 'id': '46671731'}]",[],[],0,1,1,[],[],https://twitter.com/jimtk1975/status/1364319872256270340,False,,0,,,,,,,,"[{'screen_name': 'GeeksGamersCom', 'name': 'Geeks + Gamers', 'id': '377653828'}]",,,,
1364319849443446789,1364319849443446789,2021-02-23 16:02:54 EST,2021-02-23,16:02:54,-0500,1187787832380837892,hexxlegatus,Hexx Legatus,,Cancel culture is just a lack of culture period. Get all the facts before rushing to judgement folks,en,[],[],[],0,0,1,[],[],https://twitter.com/HexxLegatus/status/1364319849443446789,False,https://twitter.com/SouthJerzGiants/status/1363535258235375620,0,,,,,,,,[],,,,
1364319821144424453,1362806518630998019,2021-02-23 16:02:47 EST,2021-02-23,16:02:47,-0500,168817873,pitbullatlarge,Ian J Harvey Bark With Byte contrarian media guru,,@andy_samm @piersmorgan @adeelamini worked on a show 11 years ago for two months.....wow. Then launches witch hunt. I'm a freelancer too. If I don't like the client I quit. I don't go back 11 years later and snipe and whine. He's out of order and this is another attempt at cancel culture. Piers rocks!! Always has.,en,[],[],[],1,0,0,[],[],https://twitter.com/Pitbullatlarge/status/1364319821144424453,False,,0,,,,,,,,"[{'screen_name': 'andy_samm', 'name': 'Andy Sammons', 'id': '186153765'}, {'screen_name': 'piersmorgan', 'name': 'Piers Morgan', 'id': '216299334'}, {'screen_name': 'adeelamini', 'name': 'Adeel Amini', 'id': '19240082'}]",,,,
1364319752957624320,1364001882511970309,2021-02-23 16:02:31 EST,2021-02-23,16:02:31,-0500,1260327563576119296,trescommmas,Russ Hanneman's Shadow,,@Jim_Jordan Lol... Republicans are the masters of cancel culture.  Look at what they've been doing to Colin Kaepernick for the last several years...  https://t.co/OD7zKMvOOe,en,[],[],['https://pbs.twimg.com/tweet_video_thumb/Eu8JlKZXIAY8Xbi.jpg'],0,0,0,[],[],https://twitter.com/TresCommmas/status/1364319752957624320,False,,1,https://pbs.twimg.com/tweet_video_thumb/Eu8JlKZXIAY8Xbi.jpg,,,,,,,"[{'screen_name': 'Jim_Jordan', 'name': 'Rep. Jim Jordan', 'id': '18166778'}]",,,,
1364319705222291457,1364313150049370115,2021-02-23 16:02:20 EST,2021-02-23,16:02:20,-0500,743590440922845184,moderatescience,Dave,,@hksbks ‚ÄúGet rid of the guy who says things I don‚Äôt like‚Äù proclaim the folks who fervently oppose ‚Äúcancel culture.‚Äù,en,[],[],[],0,0,0,[],[],https://twitter.com/ModerateScience/status/1364319705222291457,False,,0,,,,,,,,"[{'screen_name': 'hksbks', 'name': 'HKS üìö', 'id': '234466304'}]",,,,
1364319685412552714,1364280058072993793,2021-02-23 16:02:15 EST,2021-02-23,16:02:15,-0500,1359794413644439553,jimtk1975,Jono,,@loveablenerd Cancel culture will cancel anyone or anything that gets in the way of their ultimate goal which is the cancellation of western civilisation itself. The logic of repressive tolerance only victims (minority groups) can be weaponized to achieve that.  I AM @ginacarano (IAMSPARTACUS),en,"[{'screen_name': 'ginacarano', 'name': 'gina carano üïØ', 'id': '46671731'}]",[],[],0,0,1,[],[],https://twitter.com/jimtk1975/status/1364319685412552714,False,,0,,,,,,,,"[{'screen_name': 'loveablenerd', 'name': 'Loveable Nerd', 'id': '255862319'}]",,,,
1364319640072171530,1364304584093687812,2021-02-23 16:02:04 EST,2021-02-23,16:02:04,-0500,51243739,robbiejee,üí•RedShirtRobüí•,,@BradMossEsq So... cancel culture?,en,[],[],[],0,0,0,[],[],https://twitter.com/RobbieJee/status/1364319640072171530,False,,0,,,,,,,,"[{'screen_name': 'BradMossEsq', 'name': 'Bradley P. Moss', 'id': '373522445'}]",,,,
1364319624314126344,1364319387000467456,2021-02-23 16:02:00 EST,2021-02-23,16:02:00,-0500,15279165,juliettelucie,juliette plants trees üå≥üå≤,,@bfishbfish that‚Äôs cancel culture for you. you‚Äôre being silenced!,en,[],[],[],0,0,0,[],[],https://twitter.com/juliettelucie/status/1364319624314126344,False,,0,,,,,,,,"[{'screen_name': 'bfishbfish', 'name': 'Rebecca Fishbein', 'id': '37613042'}]",,,,
1364319620363145218,1364311609770995713,2021-02-23 16:01:59 EST,2021-02-23,16:01:59,-0500,835141038876442627,patoles2,Pat Oles,,@newsmax @EliseStefanik Cancel culture in the GQP?  https://t.co/Xop471Tmtw,es,[],['https://twitter.com/huffpost/status/1364311312591966211?s=21'],[],0,0,0,[],[],https://twitter.com/PatOles2/status/1364319620363145218,False,https://twitter.com/huffpost/status/1364311312591966211?s=21,0,,,,,,,,"[{'screen_name': 'newsmax', 'name': 'Newsmax', 'id': '20545835'}, {'screen_name': 'EliseStefanik', 'name': 'Elise Stefanik', 'id': '109579534'}]",,,,
1364319596208078860,1364293795794272264,2021-02-23 16:01:54 EST,2021-02-23,16:01:54,-0500,3088992009,tnchristian4evr,Hope Lives,,@TheTNHoller @etsu @ETSU_MBB GOP = Cancel Culture,en,[],[],[],0,0,0,[],[],https://twitter.com/TNChristian4Evr/status/1364319596208078860,False,,0,,,,,,,,"[{'screen_name': 'TheTNHoller', 'name': 'The Tennessee Holler', 'id': '1088862056705593344'}, {'screen_name': 'etsu', 'name': 'ETSU', 'id': '39405688'}, {'screen_name': 'ETSU_MBB', 'name': ""ETSU Men's Basketball"", 'id': '2310212678'}]",,,,
1364319590843486209,1364319590843486209,2021-02-23 16:01:52 EST,2021-02-23,16:01:52,-0500,808023126919376897,rantegalitarian,Ranting Party Rockers in the Houü¶Ä üè∫ Egalitarian,,Cancel culture truly knows no bounds  https://t.co/2LARyoPazS,en,[],[],['https://pbs.twimg.com/media/Eu8JcBfVIAAZAuS.png'],0,0,3,[],[],https://twitter.com/rantegalitarian/status/1364319590843486209,False,,1,https://pbs.twimg.com/media/Eu8JcBfVIAAZAuS.png,,,,,,,[],,,,
1364319577417674759,1364294361001902087,2021-02-23 16:01:49 EST,2021-02-23,16:01:49,-0500,190751640,drchrisnewton,Dr Chris Newton,,"@TrevorGreetham @GoodwinMJ Try telling my friends who've been suspended, hauled before disciplinary committees, and feel unable to express their views because of a culture of intimidation that cancel culture is 'student union politics'. You have absolutely no idea what you're talking about.",en,[],[],[],1,0,1,[],[],https://twitter.com/drchrisnewton/status/1364319577417674759,False,,0,,,,,,,,"[{'screen_name': 'TrevorGreetham', 'name': 'Trevor Greetham', 'id': '3374232255'}, {'screen_name': 'GoodwinMJ', 'name': 'Matt Goodwin', 'id': '36974428'}]",,,,
1364319575219781637,1364302740856406029,2021-02-23 16:01:49 EST,2021-02-23,16:01:49,-0500,3383203972,kimberlya561,KimberlyA,,@C567Dave @Phil_Lewis_ @bariweiss It‚Äôs not cancel culture when they are literally going against school policy.    Jesus.,en,[],[],[],1,0,0,[],[],https://twitter.com/KimberlyA561/status/1364319575219781637,False,,0,,,,,,,,"[{'screen_name': 'C567Dave', 'name': 'DaveC567', 'id': '1257500900999852035'}, {'screen_name': 'Phil_Lewis_', 'name': 'philip lewis', 'id': '286998245'}, {'screen_name': 'bariweiss', 'name': 'Bari Weiss', 'id': '289548939'}]",,,,
1364319564377554947,1364300681134428164,2021-02-23 16:01:46 EST,2021-02-23,16:01:46,-0500,1359794413644439553,jimtk1975,Jono,,@PedroPascal1 @themandalorian Cancel culture will cancel anyone or anything that gets in the way of their ultimate goal which is the cancellation of western civilisation itself. The logic of repressive tolerance only victims (minority groups) can be weaponized to achieve that.  I AM @ginacarano (IAMSPARTACUS),en,"[{'screen_name': 'ginacarano', 'name': 'gina carano üïØ', 'id': '46671731'}]",[],[],0,0,0,[],[],https://twitter.com/jimtk1975/status/1364319564377554947,False,,0,,,,,,,,"[{'screen_name': 'PedroPascal1', 'name': 'Pedro Pascal he/him', 'id': '1645711686'}, {'screen_name': 'themandalorian', 'name': 'The Mandalorian', 'id': '1060978099146260480'}]",,,,
1364319559755456520,1364282632327073798,2021-02-23 16:01:45 EST,2021-02-23,16:01:45,-0500,814773946658783232,imafrenchboi,Pedro,,@KujoItachi @Vikingwar175 @topracismo @sara_gbh Pas qu'il se fasse choper par le col par les woke thai de la cancelculture,fr,[],[],[],0,0,2,[],[],https://twitter.com/imafrenchboi/status/1364319559755456520,False,,0,,,,,,,,"[{'screen_name': 'KujoItachi', 'name': 'üá¶üá≤ ‚ö™‚ìÇÔ∏è', 'id': '1218269580751200256'}, {'screen_name': 'Vikingwar175', 'name': 'JFK üî•üî•', 'id': '1352550621459730437'}, {'screen_name': 'topracismo', 'name': 'Top Racismo', 'id': '1137747296790204417'}, {'screen_name': 'sara_gbh', 'name': 'adam', 'id': '3558514828'}]",,,,
1364319497247596547,1364282044595994624,2021-02-23 16:01:30 EST,2021-02-23,16:01:30,-0500,1359794413644439553,jimtk1975,Jono,,@jeremy_force @Drunk3P0 @ginacarano Cancel culture will cancel anyone or anything that gets in the way of their ultimate goal which is the cancellation of western civilisation itself. The logic of repressive tolerance only victims (minority groups) can be weaponized to achieve that.  I AM @ginacarano (IAMSPARTACUS),en,"[{'screen_name': 'ginacarano', 'name': 'gina carano üïØ', 'id': '46671731'}]",[],[],0,0,0,[],[],https://twitter.com/jimtk1975/status/1364319497247596547,False,,0,,,,,,,,"[{'screen_name': 'jeremy_force', 'name': 'ForceGhostJeremy', 'id': '1037415767950716931'}, {'screen_name': 'Drunk3P0', 'name': 'üçìDrunk3P0 ü•§', 'id': '1007486304408555520'}, {'screen_name': 'ginacarano', 'name': 'Gina Carano üïØ', 'id': '46671731'}]",,,,
1364319495360286722,1364294753857101825,2021-02-23 16:01:30 EST,2021-02-23,16:01:30,-0500,76095733,ekaht,Emily Kaht,,"@KaeleyT Accountability would be making amends for a gaffe. Amends should depend on nature of the gaffe and the harm it caused. But cancel culture isn't about making amends; it's about punishment, and often, the punishment doesn't fit the crime.",en,[],[],[],0,0,0,[],[],https://twitter.com/EKaht/status/1364319495360286722,False,,0,,,,,,,,"[{'screen_name': 'KaeleyT', 'name': 'Kaeley Triller', 'id': '598209003'}]",,,,
1364319458383159297,1364319458383159297,2021-02-23 16:01:21 EST,2021-02-23,16:01:21,-0500,1363359068266586113,dansterxx,Daniel Froh,,Im fighting #CancelCulture By #CancelDisneyPlus #CancelCoke and #CancelAllLiberals #ConservativeStrike,en,[],[],[],0,0,0,"['cancelculture', 'canceldisneyplus', 'cancelcoke', 'cancelallliberals', 'conservativestrike']",[],https://twitter.com/Dansterxx/status/1364319458383159297,False,,0,,,,,,,,[],,,,
1364319392406794243,1364226029779181569,2021-02-23 16:01:05 EST,2021-02-23,16:01:05,-0500,793577262,58isthenew40,"Political Tri-fecta - House, Senate, White House",,"@Maria75455046 @MADiSciullo @LibertyAnders Shove off Maria. And pound sand with the tiresome ""cancel culture"" trope.",en,[],[],[],0,0,0,[],[],https://twitter.com/58isthenew40/status/1364319392406794243,False,,0,,,,,,,,"[{'screen_name': 'Maria75455046', 'name': 'Mariaüíõüå∫1.2%', 'id': '1275607566643531777'}, {'screen_name': 'MADiSciullo', 'name': 'Michael DiSciullo', 'id': '721370215313899522'}, {'screen_name': 'LibertyAnders', 'name': 'Maggie üêä', 'id': '1141009702354075650'}]",,,,
1364319356319072265,1364319337012752385,2021-02-23 16:00:57 EST,2021-02-23,16:00:57,-0500,1295807084169224192,pirbip,PirBip - Compte en base 16 quelquefois.,,"J'ai longtemps suivi Astronogeek et j'√©tais pr√™te √† d√©fendre sa cha√Æne. Puis j'ai d√©couvert son exp√©rience Twitter. J'ai pens√© que c'√©tait nul, et qu'il n'avait rien prouv√©. Ses deux vid√©os sur la cancel culture m'avaient rendue dubitative de ses capacit√©s rationnelles.  12/24",fr,[],[],[],1,0,0,[],[],https://twitter.com/PirBip/status/1364319356319072265,False,,0,,,,,,,,[],,,,
1364319353252892674,1364318228869115912,2021-02-23 16:00:56 EST,2021-02-23,16:00:56,-0500,1297009379221180416,myleslucks,Myles,,"@Boogie2988 Some republicans will take the latter as well in the fact they think they're saving people from things like ""Cancel Culture"" or ""Anti-white"" rhetoric OR protecting MAH GUNS",en,[],[],[],0,0,0,[],[],https://twitter.com/MylesLucks/status/1364319353252892674,False,,0,,,,,,,,"[{'screen_name': 'Boogie2988', 'name': 'boogie2988 üò≠ü§°', 'id': '42345999'}]",,,,
1364319334563123202,1364319334563123202,2021-02-23 16:00:51 EST,2021-02-23,16:00:51,-0500,1074818829925011456,kal_el_786,Maaz,,Dont u all hate cancel culture?? Isnt this cancel culture lmaoo. All coca cola said was be aware of ur privilege and dont be racist.,en,[],[],[],0,0,2,[],[],https://twitter.com/kal_el_786/status/1364319334563123202,False,https://twitter.com/TheOnlyJDN/status/1363627149215731714,0,,,,,,,,[],,,,
1364319327449718785,1364316528053682178,2021-02-23 16:00:50 EST,2021-02-23,16:00:50,-0500,1007984966418956290,nvjxx_,naji hikikomori ky≈çkai,,@_RapVibes Ceux qui t'aimaient pas bah ils t'aimaient pas de base donc bon Cancel culture if i speak √† propos de √ßa,fr,[],[],[],1,0,0,[],[],https://twitter.com/nvjxx_/status/1364319327449718785,False,,0,,,,,,,,"[{'screen_name': '_RapVibes', 'name': 'RapVibes', 'id': '1335535331224023040'}]",,,,
1364319294432108547,1364302257051738116,2021-02-23 16:00:42 EST,2021-02-23,16:00:42,-0500,4855798887,smilemnky,SMILEMONKEY,,@SethAndrewsTTA Boycotting is not cancel culture....,en,[],[],[],0,0,0,[],[],https://twitter.com/SMILEMNKY/status/1364319294432108547,False,,0,,,,,,,,"[{'screen_name': 'SethAndrewsTTA', 'name': 'Seth Andrews', 'id': '2320645506'}]",,,,
1364319230808629250,1364301502525759490,2021-02-23 16:00:27 EST,2021-02-23,16:00:27,-0500,474927623,lazycolorgirl,trishacolorsofnature,,@chipfranklin aren't the republicans the biggest whinners about cancel culture?,en,[],[],[],0,0,0,[],[],https://twitter.com/lazycolorgirl/status/1364319230808629250,False,,0,,,,,,,,"[{'screen_name': 'chipfranklin', 'name': 'Chip Franklin InsideTheBeltway.com', 'id': '48325671'}]",,,,
1364319209128226818,1364037487262375941,2021-02-23 16:00:21 EST,2021-02-23,16:00:21,-0500,1308961935782801409,billdamndance,Bill Dance,,@M_cope1991 @The_Faiz_Phase @0GHeathen Old twitter would eat cancel culture alive BRING IT BACK,en,[],[],[],0,0,0,[],[],https://twitter.com/billdamndance/status/1364319209128226818,False,,0,,,,,,,,"[{'screen_name': 'M_cope1991', 'name': 'Matt', 'id': '899148111062458368'}, {'screen_name': 'The_Faiz_Phase', 'name': 'üíé SOZ√â BLANCO üíé', 'id': '28470661'}, {'screen_name': '0GHeathen', 'name': 'Mr. Happy', 'id': '1081364581002428416'}]",,,,
1364319191239712768,1364001882511970309,2021-02-23 16:00:17 EST,2021-02-23,16:00:17,-0500,1304885082,msmanchester1,Thea #WeThePeopleWillWin,,"@Jim_Jordan Stop the incessant whining about cancel culture, you all started it when you tried to cancel French fries. You know what can‚Äôt be canceled, the damage you did to those OSU wrestlers. #ResignJimJordan  https://t.co/hzbBDocTDw",en,[],[],['https://pbs.twimg.com/media/Eu8JEqwWYAUKtWM.jpg'],0,0,0,['resignjimjordan'],[],https://twitter.com/Msmanchester1/status/1364319191239712768,False,,1,https://pbs.twimg.com/media/Eu8JEqwWYAUKtWM.jpg,,,,,,,"[{'screen_name': 'Jim_Jordan', 'name': 'Rep. Jim Jordan', 'id': '18166778'}]",,,,
1364319185581596680,1364099983734149120,2021-02-23 16:00:16 EST,2021-02-23,16:00:16,-0500,1359794413644439553,jimtk1975,Jono,,@Drunk3P0 Cancel culture will cancel anyone or anything that gets in the way of their ultimate goal which is the cancellation of western civilisation itself. The logic of repressive tolerance only victims (minority groups) can be weaponized to achieve that.  I AM @ginacarano (IAMSPARTACUS),en,"[{'screen_name': 'ginacarano', 'name': 'gina carano üïØ', 'id': '46671731'}]",[],[],0,0,0,[],[],https://twitter.com/jimtk1975/status/1364319185581596680,False,,0,,,,,,,,"[{'screen_name': 'Drunk3P0', 'name': 'üçìDrunk3P0 ü•§', 'id': '1007486304408555520'}]",,,,
1364319185548025860,1364319185548025860,2021-02-23 16:00:16 EST,2021-02-23,16:00:16,-0500,1286888174485147648,bnmstaff,Barrett News Media,,Radio lost a legend in Rush Limbaugh who saved the industry and kicked cancel culture‚Äôs ass in the process  https://t.co/jJHuRI77m3  https://t.co/36SJKg1ixH,en,[],['https://buff.ly/2NHERNt'],['https://pbs.twimg.com/media/Eu8JEanWgA09m4-.jpg'],0,0,0,[],[],https://twitter.com/BNMStaff/status/1364319185548025860,False,,1,https://pbs.twimg.com/media/Eu8JEanWgA09m4-.jpg,,,,,,,[],,,,
1364319067079852035,1364319067079852035,2021-02-23 15:59:48 EST,2021-02-23,15:59:48,-0500,106769691,danmartintalks,Dan Desai Martin,,"During #BlackHistoryMonth, Republicans in Tennessee seek to stop many Black athletes who have largely protested against police violence against the Black community.   I guess #CancelCulture is bad unless targeted against Black Americans ü§∑‚Äç‚ôÇÔ∏è",en,[],[],[],0,0,0,"['blackhistorymonth', 'cancelculture']",[],https://twitter.com/DanMartinTalks/status/1364319067079852035,False,https://twitter.com/SergioMarBel/status/1364291894822461442,0,,,,,,,,[],,,,
1364319031826776066,1364231966451634177,2021-02-23 15:59:39 EST,2021-02-23,15:59:39,-0500,1298403838366494724,irre__,Irre__,,"@AimanSafiyy @MoonHawk357 @NoAvi6 @MikiIsHere @AgedContext @PoorlyAgedStuff Listen man, cancel culture is a mega problem nowadays, but this guy is an exception. He is one of the most disgusting people I've ever heard about. He literally allows the distribution of child porn in his discord servers because it's a ""running joke"".",en,[],[],[],0,0,0,[],[],https://twitter.com/Irre__/status/1364319031826776066,False,,0,,,,,,,,"[{'screen_name': 'AimanSafiyy', 'name': ""Single Safiyy (15 yr old with no B's on my D)"", 'id': '1123957122830614528'}, {'screen_name': 'MoonHawk357', 'name': 'Zaiden', 'id': '724891294913409025'}, {'screen_name': 'NoAvi6', 'name': 'radical liberal logan', 'id': '1114015222950326272'}, {'screen_name': 'MikiIsHere', 'name': 'Miki ‚ôÄÔ∏è @ vtuber hell', 'id': '469593636'}, {'screen_name': 'AgedContext', 'name': 'Context for Poorly Aged Things', 'id': '1238089053691617280'}, {'screen_name': 'PoorlyAgedStuff', 'name': 'Poorly Aged Things', 'id': '1235610347500974081'}]",,,,
1364319004232478724,1364281564713074689,2021-02-23 15:59:33 EST,2021-02-23,15:59:33,-0500,1357273150933917697,joseph90375891,Joseph,,@TheLondonLawye1 @yankyluke @karlsenkhoi @Nigel_Farage I didn't say I was in favour of it. Cancel culture is more insidious than boycott of a product though and I think you know the difference üëç,en,[],[],[],1,0,0,[],[],https://twitter.com/Joseph90375891/status/1364319004232478724,False,,0,,,,,,,,"[{'screen_name': 'TheLondonLawye1', 'name': 'The London Lawyer', 'id': '1352616245070278657'}, {'screen_name': 'yankyluke', 'name': 'FERGIE üá∫üá∏üè¥\U000e0067\U000e0062\U000e0065\U000e006e\U000e0067\U000e007füá¨üáß', 'id': '2291005233'}, {'screen_name': 'karlsenkhoi', 'name': 'Arne Karlsen', 'id': '1363597632346746885'}, {'screen_name': 'Nigel_Farage', 'name': 'Nigel Farage', 'id': '19017675'}]",,,,
1364318974171873280,1364318974171873280,2021-02-23 15:59:25 EST,2021-02-23,15:59:25,-0500,1026947564,realconniemcgee,Connie McGee üôèüçëüá∫üá∏,,@CPAC this is how Twitter feels about your website link. #CancelCulture  https://t.co/9q7TAdOOdg,en,[],[],['https://pbs.twimg.com/media/Eu8IuW4XUAE48hI.jpg'],0,0,0,['cancelculture'],[],https://twitter.com/RealConnieMcGee/status/1364318974171873280,False,,1,https://pbs.twimg.com/media/Eu8IuW4XUAE48hI.jpg,,,,,,,[],,,,
1364318937610031105,1364318937610031105,2021-02-23 15:59:17 EST,2021-02-23,15:59:17,-0500,1331925223273205760,jamesmc46012825,General Smile,,"#CancelCulture Just shut up, and let us browse the internet in peace.  https://t.co/FoaMbss25q",en,[],[],['https://pbs.twimg.com/media/Eu8IupJVgAAhGMM.png'],0,0,0,['cancelculture'],[],https://twitter.com/JamesMc46012825/status/1364318937610031105,False,,1,https://pbs.twimg.com/media/Eu8IupJVgAAhGMM.png,,,,,,,[],,,,
1364318911043432456,1364265491074719744,2021-02-23 15:59:10 EST,2021-02-23,15:59:10,-0500,1354507928095617029,melvilleupdate,Has Melville Tweeted About Trophy Hunting Today?,,"@JamesMelville @berniespofforth @ClareEuro @queenofswords6 @stpiranscross @Francis_Hoar Pretty sure the reason you won‚Äôt say it on here is the fact that your solicitor politely told you that people saying nasty things on the internet is not illegal. Or do we want to engage in cancel culture, James?",en,[],[],[],0,0,2,[],[],https://twitter.com/MelvilleUpdate/status/1364318911043432456,False,,0,,,,,,,,"[{'screen_name': 'JamesMelville', 'name': 'James Melville', 'id': '20675681'}, {'screen_name': 'berniespofforth', 'name': ""Bernie's Tweets"", 'id': '755135678422327296'}, {'screen_name': 'ClareEuro', 'name': 'Clare Robinson', 'id': '1139449145691951105'}, {'screen_name': 'queenofswords6', 'name': 'Dr Georgina Porter', 'id': '3392859784'}, {'screen_name': 'stpiranscross', 'name': 'St Pirans Cross', 'id': '801110101'}, {'screen_name': 'Francis_Hoar', 'name': 'Francis Hoar', 'id': '142640919'}]",,,,
